"state_name","district_name","area_sq_km","perimeter_km","bbox_xmin","bbox_ymin","bbox_xmax","bbox_ymax","centroid_lon","centroid_lat","num_vertices","compactness"
"Ajmer","Ajmer",7875.49520817387,638.294206195674,68.2119018142554,6.78995726792493,97.3581087919887,37.0058693128142,74.7230311094492,26.1880927102263,94,0.242910300309272
"Andaman and Nicobar Islands","Andaman and Nicobar Islands",1350.67397933113,161.729076377062,68.2119018142554,6.78995726792493,97.3581087919887,37.0058693128142,92.7492796727001,12.6835287192905,20,0.648909578277789
"Andaman and Nicobar Islands","Andaman and Nicobar Islands",1137.41397886064,193.787683533985,68.2119018142554,6.78995726792493,97.3581087919887,37.0058693128142,92.8180777940885,13.3480655974591,45,0.380606396460534
"Andaman and Nicobar Islands","Andaman and Nicobar Islands",93.882864755535,42.3513976249908,68.2119018142554,6.78995726792493,97.3581087919887,37.0058693128142,92.6050171634629,12.9814108515569,12,0.65774976779975
"Andaman and Nicobar Islands","Andaman and Nicobar Islands",217.226694540602,63.8041396175407,68.2119018142554,6.78995726792493,97.3581087919887,37.0058693128142,92.7418737967468,12.2903740912424,11,0.670541010182222
"Andaman and Nicobar Islands","Andaman and Nicobar Islands",1089.86283440265,237.844003982127,68.2119018142554,6.78995726792493,97.3581087919887,37.0058693128142,92.6172464796625,11.9172810977445,31,0.242101395147546
"Andaman and Nicobar Islands","Andaman and Nicobar Islands",145.483445891266,47.8143486410217,68.2119018142554,6.78995726792493,97.3581087919887,37.0058693128142,92.9307261892389,12.066147707806,9,0.799662914257294
"Andaman and Nicobar Islands","Andaman and Nicobar Islands",97.6420678512144,43.1285993180885,68.2119018142554,6.78995726792493,97.3581087919887,37.0058693128142,92.6012459246573,11.4816819757068,8,0.659653885091582
"Andaman and Nicobar Islands","Andaman and Nicobar Islands",35.8634490846953,24.0936126329641,68.2119018142554,6.78995726792493,97.3581087919887,37.0058693128142,92.6526315716927,11.3591512837478,6,0.776350918610173
"Andaman and Nicobar Islands","Andaman and Nicobar Islands",46.8266646543655,27.5019072468164,68.2119018142554,6.78995726792493,97.3581087919887,37.0058693128142,92.1834250278547,11.6489331000312,6,0.777996177402646
"Andaman and Nicobar Islands","Andaman and Nicobar Islands",761.549012444761,116.518298654115,68.2119018142554,6.78995726792493,97.3581087919887,37.0058693128142,92.4269327898881,10.7203429446406,18,0.704886923616052
"Andaman and Nicobar Islands","Andaman and Nicobar Islands",183.62789941544,53.6119691057907,68.2119018142554,6.78995726792493,97.3581087919887,37.0058693128142,93.4092986400437,7.98293216285176,9,0.802832625291256
"Andaman and Nicobar Islands","Andaman and Nicobar Islands",143.406531081816,66.3420629239101,68.2119018142554,6.78995726792493,97.3581087919887,37.0058693128142,93.5365540886412,8.09747132452818,19,0.409449976798933
"Andaman and Nicobar Islands","Andaman and Nicobar Islands",130.670104567839,46.0231758935309,68.2119018142554,6.78995726792493,97.3581087919887,37.0058693128142,92.7571113015932,9.20953939608185,17,0.775234217966449
"Andaman and Nicobar Islands","Andaman and Nicobar Islands",68.7306031777025,40.1162263027423,68.2119018142554,6.78995726792493,97.3581087919887,37.0058693128142,93.152319848601,8.3310500096351,13,0.536685515237986
"Andaman and Nicobar Islands","Andaman and Nicobar Islands",42.5623611662672,26.4067852778693,68.2119018142554,6.78995726792493,97.3581087919887,37.0058693128142,93.6019825796458,8.54930252700649,15,0.767016150236791
"Assam","Abor Hills",18204.225017351,656.762989939034,68.2119018142554,6.78995726792493,97.3581087919887,37.0058693128142,94.8539794932648,28.4923071669652,212,0.530352617256144
"Assam","Balipara Frontier Tract",34130.9847375987,919.722892371286,68.2119018142554,6.78995726792493,97.3581087919887,37.0058693128142,93.2464182025166,27.7554637990639,252,0.507042881308461
"Assam","Cachar",7103.573642854,411.194894670378,68.2119018142554,6.78995726792493,97.3581087919887,37.0058693128142,92.5565006634997,24.7507493678738,88,0.527948212006219
"Assam","Darrang
",8309.12459410429,515.751356866994,68.2119018142554,6.78995726792493,97.3581087919887,37.0058693128142,92.5669177382392,26.7578048706348,123,0.392540414563562
"Assam","Garo Hills",8106.07639369183,430.67244558826,68.2119018142554,6.78995726792493,97.3581087919887,37.0058693128142,90.3667897714003,25.6045466796364,109,0.549194758061739
"Assam","Goalpara",10542.248690324,614.26275871942,68.2119018142554,6.78995726792493,97.3581087919887,37.0058693128142,90.2661483180839,26.3376271997722,153,0.35110316888205
"Assam","Kamrup
",10333.5203138463,531.612350442896,68.2119018142554,6.78995726792493,97.3581087919887,37.0058693128142,91.3254865238294,26.361613660825,150,0.45948150796388
"Assam","Lakhimpur
",11264.4452470008,608.901514522996,68.2119018142554,6.78995726792493,97.3581087919887,37.0058693128142,94.934021986399,27.4741345481454,130,0.381790892175751
"Assam","Lushai Hills",19750.9719723712,765.140217983323,68.2119018142554,6.78995726792493,97.3581087919887,37.0058693128142,92.6762200713299,23.4004226702177,185,0.423951597483208
"Assam","Mishmi Hills",22366.275349779,879.045065467164,68.2119018142554,6.78995726792493,97.3581087919887,37.0058693128142,96.221047544326,28.4045625738319,209,0.363731782141755
"Assam","Naga Hills",5430.83095097361,445.051370937816,68.2119018142554,6.78995726792493,97.3581087919887,37.0058693128142,93.983881596635,25.6876123259056,83,0.34455286232213
"Assam","Nowgong
",5621.41070806934,492.157254679794,68.2119018142554,6.78995726792493,97.3581087919887,37.0058693128142,92.6711808695316,26.2890855793893,147,0.2916402072276
"Assam","Sibsagar
",9566.93044794475,665.440716530551,68.2119018142554,6.78995726792493,97.3581087919887,37.0058693128142,94.3033959079016,26.7830826155621,147,0.271496189983224
"Assam","Tirap Frontier Tract",6658.35040505945,533.708079168117,68.2119018142554,6.78995726792493,97.3581087919887,37.0058693128142,96.0107367107707,27.2756453367054,94,0.293743967583661
"Assam","Tuensang",10279.7085462847,482.06122785845,68.2119018142554,6.78995726792493,97.3581087919887,37.0058693128142,94.6366605907078,26.3176867894975,107,0.555886670567429
"Assam","United Khasi and Jaintia Hills",13431.7975598134,616.567020672417,68.2119018142554,6.78995726792493,97.3581087919887,37.0058693128142,91.7260471189559,25.5693084046664,146,0.444000459176411
"Assam","United Mikir and North Cachar Hills
",14880.5331302156,794.268036364215,68.2119018142554,6.78995726792493,97.3581087919887,37.0058693128142,93.0660216863495,25.9120982763997,193,0.296410909436023
"Bhopal","Raisen",8662.56475710136,501.118250667542,68.2119018142554,6.78995726792493,97.3581087919887,37.0058693128142,78.119166379679,23.1894583422114,67,0.433486840763871
"Bhopal","Sehore",9485.18617798062,609.783498450902,68.2119018142554,6.78995726792493,97.3581087919887,37.0058693128142,77.2111599150026,23.1009210252784,89,0.320556353100383
"Bihar","Bhagalpur",5767.60777736216,362.709537880388,68.2119018142554,6.78995726792493,97.3581087919887,37.0058693128142,86.9110586971011,25.0874056179438,60,0.550918848101228
"Bihar","Champaran",8778.05665300331,467.769441853394,68.2119018142554,6.78995726792493,97.3581087919887,37.0058693128142,84.5876845688847,26.8971648000901,75,0.504132329592412
"Bihar","Darbhanga",8099.78252706482,437.656742033464,68.2119018142554,6.78995726792493,97.3581087919887,37.0058693128142,86.0210849087537,26.1570704355752,74,0.531393180127795
"Bihar","Dhanbad",3097.37313622575,258.029829430857,68.2119018142554,6.78995726792493,97.3581087919887,37.0058693128142,86.4054109039197,23.8088502377842,54,0.584606393650895
"Bihar","Gaya",12624.4906491255,595.760379848403,68.2119018142554,6.78995726792493,97.3581087919887,37.0058693128142,84.8833850185001,24.8465451220199,103,0.446972180509623
"Bihar","Hazaribagh",18524.9326562279,683.848865162747,68.2119018142554,6.78995726792493,97.3581087919887,37.0058693128142,85.5254051098193,24.1337077261131,151,0.497790083523205
"Bihar","Monghyr",10210.0934764477,563.335699254767,68.2119018142554,6.78995726792493,97.3581087919887,37.0058693128142,86.2590414653056,25.2290313926559,108,0.404301203846204
"Bihar","Muzaffarpur",7864.06526449669,420.329667570502,68.2119018142554,6.78995726792493,97.3581087919887,37.0058693128142,85.3636512570517,26.2083221209952,67,0.559341296163089
"Bihar","Palamau",12916.7302900954,567.732747737307,68.2119018142554,6.78995726792493,97.3581087919887,37.0058693128142,84.0712320808048,24.0144529349492,103,0.503587062013609
"Bihar","Patna",6694.10985265905,430.669236498923,68.2119018142554,6.78995726792493,97.3581087919887,37.0058693128142,85.190104688599,25.4323442622311,71,0.453539375998529
"Bihar","Purnea",11746.1008552149,509.861988707964,68.2119018142554,6.78995726792493,97.3581087919887,37.0058693128142,87.6100272526721,26.0148521864962,91,0.567803830881874
"Bihar","Purulia",7534.61977982273,376.731896131452,68.2119018142554,6.78995726792493,97.3581087919887,37.0058693128142,86.2613795981635,23.23031032773,51,0.667123781372508
"Bihar","Ranchi",17615.3651457094,683.453602483452,68.2119018142554,6.78995726792493,97.3581087919887,37.0058693128142,84.8231398712602,23.0738472053625,121,0.473896433234941
"Bihar","Saharsa",6221.31258618093,393.756661092576,68.2119018142554,6.78995726792493,97.3581087919887,37.0058693128142,86.7654005016354,26.0229838280363,56,0.504238566356682
"Bihar","Santal Parganas",13923.6891405924,559.716183179449,68.2119018142554,6.78995726792493,97.3581087919887,37.0058693128142,87.1827414534467,24.5359522689901,89,0.558506786753538
"Bihar","Saran",6451.27627907077,345.976906330139,68.2119018142554,6.78995726792493,97.3581087919887,37.0058693128142,84.5003626350029,26.1963951728583,53,0.677269133725119
"Bihar","Shahabad",10476.2900775371,432.350090846276,68.2119018142554,6.78995726792493,97.3581087919887,37.0058693128142,83.9206211961307,25.1448777284656,50,0.704281482865474
"Bihar","Singhbhum",11952.376363223,595.809843390452,68.2119018142554,6.78995726792493,97.3581087919887,37.0058693128142,85.707966972939,22.5068240759953,69,0.423105602633052
"Bilaspur","Bilaspur",1135.5368915125,149.809641355677,68.2119018142554,6.78995726792493,97.3581087919887,37.0058693128142,76.6191372316999,31.3232059034897,38,0.635816191903279
"Bombay","Ahmedabad",8583.03484509763,631.435295804687,68.2119018142554,6.78995726792493,97.3581087919887,37.0058693128142,72.2904511791262,22.7992205319498,159,0.270516046078015
"Bombay","Ahmednagar",16957.5369170481,900.625436819676,68.2119018142554,6.78995726792493,97.3581087919887,37.0058693128142,74.7118709056681,19.2552309443445,201,0.262714605361538
"Bombay","Amreli",3664.59037534075,454.426502348667,68.2119018142554,6.78995726792493,97.3581087919887,37.0058693128142,70.7164520328846,21.5373957761845,110,0.223001609368443
"Bombay","Banaskantha",11225.5086594723,593.651207248087,68.2119018142554,6.78995726792493,97.3581087919887,37.0058693128142,72.0430504140508,24.2234118250585,97,0.400270130323108
"Bombay","Baroda",7361.71415797489,562.719342308415,68.2119018142554,6.78995726792493,97.3581087919887,37.0058693128142,73.5442305114554,22.2224746149683,128,0.292149486853577
"Bombay","Belgaum",13839.0133986347,696.897254152091,68.2119018142554,6.78995726792493,97.3581087919887,37.0058693128142,74.8168237882539,16.1677819208019,143,0.358077874635708
"Bombay","Bijapur",16353.3691829742,641.973946979301,68.2119018142554,6.78995726792493,97.3581087919887,37.0058693128142,75.8592288533252,16.6168199410562,136,0.498634470666373
"Bombay","Broach",7699.93743704072,625.822750882548,68.2119018142554,6.78995726792493,97.3581087919887,37.0058693128142,73.2028759658912,21.7692118209892,238,0.247055408602615
"Bombay","Dangs",2911.03222453823,214.630956786553,68.2119018142554,6.78995726792493,97.3581087919887,37.0058693128142,73.6749256746351,20.7344504042964,37,0.794094437511318
"Bombay","Dharwar",13515.7676336593,591.892749682439,68.2119018142554,6.78995726792493,97.3581087919887,37.0058693128142,75.4481658420089,15.2574569273658,143,0.484802153558061
"Bombay","East Khandesh",10940.5141185848,536.741388836616,68.2119018142554,6.78995726792493,97.3581087919887,37.0058693128142,75.5252748256217,20.9359890444878,83,0.477218667491413
"Bombay","Greater Bombay",368.779793514229,98.7051139439705,68.2119018142554,6.78995726792493,97.3581087919887,37.0058693128142,72.8953028001982,19.1651116267492,64,0.475661140066518
"Bombay","Kaira",6733.82110552164,422.387737844067,68.2119018142554,6.78995726792493,97.3581087919887,37.0058693128142,72.9177906927677,22.6808719927934,143,0.47429531492972
"Bombay","Kanara",11241.84622188,556.073917105963,68.2119018142554,6.78995726792493,97.3581087919887,37.0058693128142,74.6151713588633,14.874281403502,141,0.456859283918128
"Bombay","Kolaba",6553.0982492646,456.872054186438,68.2119018142554,6.78995726792493,97.3581087919887,37.0058693128142,73.2744873085777,18.5884222085269,167,0.394518483601068
"Bombay","Kolhapur",6857.4203386851,488.925456263456,68.2119018142554,6.78995726792493,97.3581087919887,37.0058693128142,74.1822180009712,16.6455556269557,99,0.360483454132559
"Bombay","Mehsana",9480.3989026365,617.970708938406,68.2119018142554,6.78995726792493,97.3581087919887,37.0058693128142,72.2242257341097,23.6256056021487,99,0.311961280473902
"Bombay","Nasik",14190.6907878031,588.484208027932,68.2119018142554,6.78995726792493,97.3581087919887,37.0058693128142,74.1458888158694,20.2780550219841,125,0.514924759589136
"Bombay","Panch Mahals",8737.38953796879,419.092306461786,68.2119018142554,6.78995726792493,97.3581087919887,37.0058693128142,73.8500649542714,22.8454458999903,92,0.625132654969569
"Bombay","Poona",15530.383288845,680.475777897163,68.2119018142554,6.78995726792493,97.3581087919887,37.0058693128142,74.1167582016944,18.630091542463,168,0.421470028668247
"Bombay","Ratnagiri",12951.6267295117,712.247586191616,68.2119018142554,6.78995726792493,97.3581087919887,37.0058693128142,73.6079590604403,16.9230434914295,223,0.320827961059729
"Bombay","Sabarkantha",7445.20021297641,453.020856720134,68.2119018142554,6.78995726792493,97.3581087919887,37.0058693128142,73.1614922468329,23.6408001107593,60,0.455879277201926
"Bombay","Satara North",9926.10104323177,473.28295847073,68.2119018142554,6.78995726792493,97.3581087919887,37.0058693128142,74.2200621846085,17.7561803487248,94,0.556861023993662
"Bombay","Satara South",9051.38673544574,653.258990845639,68.2119018142554,6.78995726792493,97.3581087919887,37.0058693128142,74.8026100993225,17.1748938147298,127,0.266534967791314
"Bombay","Sholapur",14980.6919059283,801.852189796648,68.2119018142554,6.78995726792493,97.3581087919887,37.0058693128142,75.5349155523282,17.8310263889512,159,0.292787881479071
"Bombay","Surat",12476.7120369697,858.047892147045,68.2119018142554,6.78995726792493,97.3581087919887,37.0058693128142,73.2540257777127,20.9786485206569,308,0.212954566900439
"Bombay","Thana",9285.23421516409,462.656470862419,68.2119018142554,6.78995726792493,97.3581087919887,37.0058693128142,73.1787428719967,19.6415996526882,161,0.545111627233405
"Bombay","West Khandesh",12480.5359232316,635.017719997339,68.2119018142554,6.78995726792493,97.3581087919887,37.0058693128142,74.4578630741957,21.2988190885959,81,0.388929969919343
"Chandernagore","Chandernagore",191.427019829273,57.9634670905104,68.2119018142554,6.78995726792493,97.3581087919887,37.0058693128142,88.2382034878414,22.9156610532326,10,0.715985772360421
"Coorg","Coorg",4294.59740588922,303.01086334947,68.2119018142554,6.78995726792493,97.3581087919887,37.0058693128142,75.8000137534403,12.4346265592547,43,0.587781514832349
"Daman","Daman",196.249868200203,63.8487792271325,68.2119018142554,6.78995726792493,97.3581087919887,37.0058693128142,72.8668562263821,20.417621390444,25,0.60494242318034
"Daman","Daman",580.454501936776,116.643585418971,68.2119018142554,6.78995726792493,97.3581087919887,37.0058693128142,73.1020999569402,20.2149491667199,25,0.53611298549699
"Delhi","Delhi",1542.2261390193,165.66544738897,68.2119018142554,6.78995726792493,97.3581087919887,37.0058693128142,77.1300906070707,28.5707270110254,27,0.706145260135871
"Goa","Goa",3759.29042906497,292.831908749456,68.2119018142554,6.78995726792493,97.3581087919887,37.0058693128142,74.0483347162849,15.4683338654216,105,0.550907831724747
"Himachal Pradesh","Chamba",6209.8323991107,441.283798038948,68.2119018142554,6.78995726792493,97.3581087919887,37.0058693128142,76.2911889525676,32.6041478759403,93,0.400731773214926
"Himachal Pradesh","Mahasu",12361.1910903777,685.777157916418,68.2119018142554,6.78995726792493,97.3581087919887,37.0058693128142,78.0105321783865,31.3620748149237,163,0.330296638199779
"Himachal Pradesh","Mandi",4012.55057872536,259.934997945741,68.2119018142554,6.78995726792493,97.3581087919887,37.0058693128142,76.9396681695488,31.5984297055026,46,0.74627839548597
"Himachal Pradesh","Sirmoor",3133.72458914374,239.152935326598,68.2119018142554,6.78995726792493,97.3581087919887,37.0058693128142,77.4191570524917,30.59801360443,48,0.688524277182514
"Hyderabad","Adilabad",16276.9789542118,678.598905931977,68.2119018142554,6.78995726792493,97.3581087919887,37.0058693128142,78.9733536969696,19.2984467121318,70,0.444178318546488
"Hyderabad","Aurangabad",15668.6916070059,607.209248655124,68.2119018142554,6.78995726792493,97.3581087919887,37.0058693128142,75.5380808286836,19.9980509582247,104,0.534030228968114
"Hyderabad","Bhir",11632.1771215684,618.225977706637,68.2119018142554,6.78995726792493,97.3581087919887,37.0058693128142,75.92228236684,18.9450139754795,118,0.382451501599547
"Hyderabad","Bidar",12365.3020200814,509.754042568774,68.2119018142554,6.78995726792493,97.3581087919887,37.0058693128142,77.208526346445,18.1209694164715,87,0.59798905504176
"Hyderabad","Gulbarga",15828.1966282005,655.064232969918,68.2119018142554,6.78995726792493,97.3581087919887,37.0058693128142,76.9132706181347,17.0790183360787,129,0.463525388129694
"Hyderabad","Hyderabad",4944.97044697152,346.554815324361,68.2119018142554,6.78995726792493,97.3581087919887,37.0058693128142,78.3651771797808,17.282032595626,60,0.517403889459505
"Hyderabad","Karimnagar",11533.5548607631,626.986491272382,68.2119018142554,6.78995726792493,97.3581087919887,37.0058693128142,79.2507928792925,18.5373119363048,120,0.368686030119823
"Hyderabad","Mahbubnagar",16800.5078001427,666.840136539803,68.2119018142554,6.78995726792493,97.3581087919887,37.0058693128142,78.1944163365191,16.5693128587372,100,0.474776056761107
"Hyderabad","Medak",9770.11656542547,549.877315595251,68.2119018142554,6.78995726792493,97.3581087919887,37.0058693128142,78.2687164000913,17.778867808645,103,0.406048585146664
"Hyderabad","Nalgonda",15623.0727079462,651.343825954661,68.2119018142554,6.78995726792493,97.3581087919887,37.0058693128142,79.2732675320221,17.1414559437754,100,0.462759897539254
"Hyderabad","Nanded",11079.8777058992,469.08439339865,68.2119018142554,6.78995726792493,97.3581087919887,37.0058693128142,77.6426209541778,18.9876086161817,61,0.632765602740914
"Hyderabad","Nizamabad",6530.30829402184,365.680314203014,68.2119018142554,6.78995726792493,97.3581087919887,37.0058693128142,78.2117650983409,18.4870308370214,56,0.613677761851478
"Hyderabad","Osmanabad",8701.00615426255,532.376109027632,68.2119018142554,6.78995726792493,97.3581087919887,37.0058693128142,76.165181989664,18.233397768832,80,0.385782234522885
"Hyderabad","Parbhani",12854.2202872166,493.00027780599,68.2119018142554,6.78995726792493,97.3581087919887,37.0058693128142,76.8289246141718,19.4676002550199,66,0.664601434452689
"Hyderabad","Raichur",15327.6617051474,786.83549483621,68.2119018142554,6.78995726792493,97.3581087919887,37.0058693128142,76.7785615972571,15.9413288620091,116,0.311112803527745
"Hyderabad","Warangal",24431.7809091923,867.886130927014,68.2119018142554,6.78995726792493,97.3581087919887,37.0058693128142,80.2870741028499,17.7221404766019,121,0.407604990553076
"Jammu and Kashmir","Jammu and Kashmir",228725.789211169,2906.11480570894,68.2119018142554,6.78995726792493,97.3581087919887,37.0058693128142,76.2261090782914,34.5522628242537,768,0.340329397367539
"Karaikal (P)","Unknown",72.675393583043,34.2218860771969,68.2119018142554,6.78995726792493,97.3581087919887,37.0058693128142,79.7684195875713,10.9491962022481,10,0.779811030468687
"Kutch","Kutch",19360.3178871702,913.34773663077,68.2119018142554,6.78995726792493,97.3581087919887,37.0058693128142,69.6792213610364,23.3985098426146,208,0.291641977400012
"Madhya Bharat","Bhilsa",5208.91687651075,387.418414780647,68.2119018142554,6.78995726792493,97.3581087919887,37.0058693128142,77.9029753716573,23.7860181793494,56,0.436110729414765
"Madhya Bharat","Bhind",4250.61025221188,312.746269497431,68.2119018142554,6.78995726792493,97.3581087919887,37.0058693128142,78.714110921623,26.3863568547268,43,0.54610590596113
"Madhya Bharat","Dewas",7265.10350334184,521.323037827608,68.2119018142554,6.78995726792493,97.3581087919887,37.0058693128142,76.4616030284026,22.7001228876207,66,0.335921526647642
"Madhya Bharat","Dhar",8145.46169410519,411.492888965933,68.2119018142554,6.78995726792493,97.3581087919887,37.0058693128142,75.1346355478348,22.4842212065301,80,0.604506396415302
"Madhya Bharat","Gird",5259.9272676908,393.466889638454,68.2119018142554,6.78995726792493,97.3581087919887,37.0058693128142,78.2202306388391,25.9828627162806,65,0.426946264898518
"Madhya Bharat","Goona",11034.0038173168,607.709297568803,68.2119018142554,6.78995726792493,97.3581087919887,37.0058693128142,77.4668324348537,24.5454895551949,88,0.375449242321108
"Madhya Bharat","Indore",3721.66324461029,290.277571903581,68.2119018142554,6.78995726792493,97.3581087919887,37.0058693128142,75.783043714421,22.6994772809749,55,0.55503449371426
"Madhya Bharat","Jhabua",6849.81078152176,462.577610309729,68.2119018142554,6.78995726792493,97.3581087919887,37.0058693128142,74.5188995483124,22.5294648459238,85,0.402271460577277
"Madhya Bharat","Mandsaur",9393.2611679916,561.659753252188,68.2119018142554,6.78995726792493,97.3581087919887,37.0058693128142,75.2890938990784,24.3301765584117,88,0.374179208404697
"Madhya Bharat","Morena",11096.0642739294,610.077293231279,68.2119018142554,6.78995726792493,97.3581087919887,37.0058693128142,77.3644080182731,25.9898924626441,63,0.374635653030283
"Madhya Bharat","Nimar",12988.69425563,545.973955968346,68.2119018142554,6.78995726792493,97.3581087919887,37.0058693128142,75.480012224929,21.8349418714246,58,0.547559735423545
"Madhya Bharat","Rajgarh",5939.62877629632,336.593142393236,68.2119018142554,6.78995726792493,97.3581087919887,37.0058693128142,76.7178881877814,23.8241407543073,55,0.658807659060249
"Madhya Bharat","Ratlam",4617.91726313685,385.254204761781,68.2119018142554,6.78995726792493,97.3581087919887,37.0058693128142,75.098226722455,23.455026245864,70,0.390986026897736
"Madhya Bharat","Shajapur",6137.93690658529,438.529153763562,68.2119018142554,6.78995726792493,97.3581087919887,37.0058693128142,76.3229941916417,23.5418469712374,88,0.401084004263988
"Madhya Bharat","Shivpuri",10607.2876104331,519.53882445868,68.2119018142554,6.78995726792493,97.3581087919887,37.0058693128142,77.7990591653513,25.3330389275286,82,0.493830823601077
"Madhya Bharat","Ujjain",5889.60532987439,412.164647093808,68.2119018142554,6.78995726792493,97.3581087919887,37.0058693128142,75.6614012641947,23.3048287529765,95,0.43566691578447
"Madhya Pradesh","Akola",10669.7890076393,534.594615267761,68.2119018142554,6.78995726792493,97.3581087919887,37.0058693128142,77.1600644654148,20.491263694593,93,0.469155201286063
"Madhya Pradesh","Amravati",11902.2208552998,673.304954182729,68.2119018142554,6.78995726792493,97.3581087919887,37.0058693128142,77.6021253098872,21.1803943896601,131,0.329924258019398
"Madhya Pradesh","Balaghat",8844.84966516753,480.290256134274,68.2119018142554,6.78995726792493,97.3581087919887,37.0058693128142,80.3681794477395,21.8609896859331,92,0.481828813842185
"Madhya Pradesh","Bastar",38954.6326577066,977.489802039084,68.2119018142554,6.78995726792493,97.3581087919887,37.0058693128142,81.2782079402535,19.1865792808055,140,0.512323771064466
"Madhya Pradesh","Betul",9921.79259192627,516.119486426463,68.2119018142554,6.78995726792493,97.3581087919887,37.0058693128142,77.8665312464496,21.8696239177444,108,0.468057808957376
"Madhya Pradesh","Bhandara",9472.27127793507,451.467815133964,68.2119018142554,6.78995726792493,97.3581087919887,37.0058693128142,80.0318705459717,21.1365349196944,83,0.58399671081001
"Madhya Pradesh","Bilaspur",19925.0254597127,665.494603967964,68.2119018142554,6.78995726792493,97.3581087919887,37.0058693128142,82.275622085282,22.3028360816006,107,0.565352962371332
"Madhya Pradesh","Buldana",9398.77129723835,500.082193468761,68.2119018142554,6.78995726792493,97.3581087919887,37.0058693128142,76.435995373806,20.5098472049616,90,0.472278488171726
"Madhya Pradesh","Chanda",26439.3832909964,941.068995540439,68.2119018142554,6.78995726792493,97.3581087919887,37.0058693128142,79.9144243026613,19.9125847177854,140,0.375161491767227
"Madhya Pradesh","Chhindwara",20967.4837206782,765.798851335685,68.2119018142554,6.78995726792493,97.3581087919887,37.0058693128142,79.2444144963651,22.2124576547202,161,0.449290005050257
"Madhya Pradesh","Durg",19014.1475005335,735.935291275954,68.2119018142554,6.78995726792493,97.3581087919887,37.0058693128142,81.1102685655194,21.2366234137919,137,0.441171514456651
"Madhya Pradesh","Hoshangabad",15026.4896855364,819.430928257098,68.2119018142554,6.78995726792493,97.3581087919887,37.0058693128142,78.1915649827071,22.6009612892277,145,0.281217729886137
"Madhya Pradesh","Jabalpur",9106.63494692727,554.525618163363,68.2119018142554,6.78995726792493,97.3581087919887,37.0058693128142,80.2352919617398,23.5146484425963,90,0.372155603365483
"Madhya Pradesh","Mandla",13433.9240457777,628.901870407436,68.2119018142554,6.78995726792493,97.3581087919887,37.0058693128142,80.754360491277,22.7147750853043,114,0.426822180167715
"Madhya Pradesh","Nagpur",9968.51098355601,455.067852792187,68.2119018142554,6.78995726792493,97.3581087919887,37.0058693128142,79.0967227642249,21.1614557185871,78,0.604905930015204
"Madhya Pradesh","Nimar",10668.8033569058,484.805555356132,68.2119018142554,6.78995726792493,97.3581087919887,37.0058693128142,76.5060373587212,21.7353604828795,85,0.570414292748874
"Madhya Pradesh","Raigarh",12826.5428436301,722.757311341472,68.2119018142554,6.78995726792493,97.3581087919887,37.0058693128142,83.5223203874174,22.3882772969191,121,0.308556353106427
"Madhya Pradesh","Raipur",20901.8493686937,816.851635810183,68.2119018142554,6.78995726792493,97.3581087919887,37.0058693128142,82.1785428990366,20.9643336304449,121,0.393648147011877
"Madhya Pradesh","Sagar",17930.4974699597,743.876792374258,68.2119018142554,6.78995726792493,97.3581087919887,37.0058693128142,79.0725226465141,23.80281304937,112,0.407192887541587
"Madhya Pradesh","Surguja",21762.8243606261,830.871688465375,68.2119018142554,6.78995726792493,97.3581087919887,37.0058693128142,82.9032218300197,23.3688135724694,118,0.396147755247131
"Madhya Pradesh","Wardha",6162.74478791671,360.363079509747,68.2119018142554,6.78995726792493,97.3581087919887,37.0058693128142,78.5919844602704,20.7892504589784,48,0.596353081870997
"Madhya Pradesh","Yeotmal",13293.2843545917,642.760264865708,68.2119018142554,6.78995726792493,97.3581087919887,37.0058693128142,78.2039848563176,20.0835195364327,90,0.404337588607939
"Madras","Anantapur",18641.9337512963,885.357223603766,68.2119018142554,6.78995726792493,97.3581087919887,37.0058693128142,77.5908226613596,14.5275797475944,138,0.298857221334146
"Madras","Bellary",10199.3923456188,563.386982046254,68.2119018142554,6.78995726792493,97.3581087919887,37.0058693128142,76.4765201295172,15.1123537535043,94,0.403803935203311
"Madras","Chingleput",8717.01530180577,557.707971980418,68.2119018142554,6.78995726792493,97.3581087919887,37.0058693128142,79.9735681203405,13.0046557734845,170,0.352179414840554
"Madras","Chittoor",15060.8129599532,752.650632697055,68.2119018142554,6.78995726792493,97.3581087919887,37.0058693128142,78.9936328232144,13.4660372916996,162,0.334096108434621
"Madras","Coimbatore",16683.2056599292,703.383139317419,68.2119018142554,6.78995726792493,97.3581087919887,37.0058693128142,77.2902574924281,11.2364545764238,135,0.423745852173464
"Madras","Cuddapah",15407.4747066523,593.629374588887,68.2119018142554,6.78995726792493,97.3581087919887,37.0058693128142,78.7956521889469,14.4839278018139,142,0.549427713124543
"Madras","East Godavari",13103.4590806133,841.138561916932,68.2119018142554,6.78995726792493,97.3581087919887,37.0058693128142,81.8384492635941,17.294773241102,164,0.232734482198699
"Madras","Guntur",12373.9872808409,664.216439423892,68.2119018142554,6.78995726792493,97.3581087919887,37.0058693128142,80.1088734504574,16.2139991507925,133,0.352452251185835
"Madras","Krishna",8917.93418092545,691.081098445877,68.2119018142554,6.78995726792493,97.3581087919887,37.0058693128142,80.7834268128044,16.54618008528,144,0.23464758942016
"Madras","Kurnool",24344.7065849136,896.393935767309,68.2119018142554,6.78995726792493,97.3581087919887,37.0058693128142,78.3491687489043,15.6202377415865,190,0.38072955302909
"Madras","Madras",133.637040599319,49.4569210982403,68.2119018142554,6.78995726792493,97.3581087919887,37.0058693128142,80.2550967059479,13.092066468875,9,0.686566424683754
"Madras","Madurai",12475.8253997138,514.160917215097,68.2119018142554,6.78995726792493,97.3581087919887,37.0058693128142,77.769403111055,10.1919925725112,114,0.593035960460731
"Madras","Malabar",14017.8663102515,731.260951525823,68.2119018142554,6.78995726792493,97.3581087919887,37.0058693128142,76.1612296207075,11.2673914260462,152,0.32941776121883
"Madras","Nellore",20697.7325179852,789.853396347828,68.2119018142554,6.78995726792493,97.3581087919887,37.0058693128142,79.7105464993016,14.9160364435937,168,0.416907448456408
"Madras","Nilgiris",2435.68252268277,238.13155019198,68.2119018142554,6.78995726792493,97.3581087919887,37.0058693128142,76.6304095903323,11.5357106702458,44,0.539754989388914
"Madras","North Arcot",11648.7364312208,558.593239998866,68.2119018142554,6.78995726792493,97.3581087919887,37.0058693128142,79.0798088785686,12.6208348569242,137,0.469134456370977
"Madras","Ramanathapuram",12115.5878436033,649.859771494193,68.2119018142554,6.78995726792493,97.3581087919887,37.0058693128142,78.3523450315002,9.63807265695406,166,0.360508117239042
"Madras","Salem",18445.0964103456,672.127765131855,68.2119018142554,6.78995726792493,97.3581087919887,37.0058693128142,78.1413498730993,11.9691621804003,166,0.513082404388325
"Madras","South Arcot",10716.455152025,545.233545782182,68.2119018142554,6.78995726792493,97.3581087919887,37.0058693128142,79.3381060679641,11.8477049423565,139,0.452997576367227
"Madras","South Kanara",16085.0752484513,713.073227890383,68.2119018142554,6.78995726792493,97.3581087919887,37.0058693128142,75.1304323611232,12.9163032557258,150,0.39752523075624
"Madras","Srikakulam",9616.85731469242,554.739309241965,68.2119018142554,6.78995726792493,97.3581087919887,37.0058693128142,83.6802616291386,18.5688595503499,98,0.392703845161362
"Madras","Tanjore",9249.0556948315,555.608802856246,68.2119018142554,6.78995726792493,97.3581087919887,37.0058693128142,79.388356026367,10.6190185252331,148,0.37650350436711
"Madras","Tiruchirapalli",14817.7785103795,786.648262863508,68.2119018142554,6.78995726792493,97.3581087919887,37.0058693128142,78.6662850084716,10.8759632912119,175,0.30090665087189
"Madras","Tirunelveli",11416.097207853,472.610068813446,68.2119018142554,6.78995726792493,97.3581087919887,37.0058693128142,77.7215332196208,8.88172003507228,96,0.642275834888223
"Madras","Vizagapatnam",12450.7718094813,566.421415488807,68.2119018142554,6.78995726792493,97.3581087919887,37.0058693128142,82.7370381138181,17.8705047803745,84,0.487670862230701
"Madras","West Godavari",7737.86029196313,417.368735569987,68.2119018142554,6.78995726792493,97.3581087919887,37.0058693128142,81.3922265612626,16.8782738545487,63,0.558201399452746
"Mahe (P)","Mahe (P)",238.623916286675,61.864127636702,68.2119018142554,6.78995726792493,97.3581087919887,37.0058693128142,75.4676368336774,11.8182638054044,18,0.783512711392627
"Manipur","Manipur",22017.91001879,676.730514851235,68.2119018142554,6.78995726792493,97.3581087919887,37.0058693128142,93.7758980818428,24.805146216716,151,0.604163433853544
"Mysore","Bangalore",7029.0454541167,403.080877645252,68.2119018142554,6.78995726792493,97.3581087919887,37.0058693128142,77.5151001604118,13.0381457131171,65,0.543653044884922
"Mysore","Chikmagalur",7260.21280190311,410.062542638996,68.2119018142554,6.78995726792493,97.3581087919887,37.0058693128142,75.7039060927224,13.5502328914435,68,0.542574043992896
"Mysore","Chitaldrug",10893.773724531,578.252802934243,68.2119018142554,6.78995726792493,97.3581087919887,37.0058693128142,76.4456366090282,14.304441068115,98,0.409404602934868
"Mysore","Hassan",6491.84927589248,402.153348280205,68.2119018142554,6.78995726792493,97.3581087919887,37.0058693128142,76.1212883709045,13.0933258832,63,0.504423038894678
"Mysore","Kolar",8315.81076181166,506.022161824718,68.2119018142554,6.78995726792493,97.3581087919887,37.0058693128142,78.0394824543369,13.401425503285,82,0.408108261473071
"Mysore","Mandya",6084.95698225903,400.364135774683,68.2119018142554,6.78995726792493,97.3581087919887,37.0058693128142,76.9391292295664,12.6457067068247,77,0.477042467346227
"Mysore","Mysore",10759.6099165322,477.185772598549,68.2119018142554,6.78995726792493,97.3581087919887,37.0058693128142,76.6369643706552,12.1886009205646,74,0.593788001017404
"Mysore","Shimoga",10187.114250829,508.559729688621,68.2119018142554,6.78995726792493,97.3581087919887,37.0058693128142,75.3522474386149,14.1521698003425,91,0.494967980998237
"Mysore","Tumkur",10349.2873179388,686.988171292873,68.2119018142554,6.78995726792493,97.3581087919887,37.0058693128142,76.9538717584251,13.5869945461026,123,0.275563561652363
"Orissa","Balasore",6187.08834438177,452.305367257278,68.2119018142554,6.78995726792493,97.3581087919887,37.0058693128142,86.7238374074464,21.3450663537636,131,0.380042965872231
"Orissa","Bolangir",8617.69956263277,497.572476602719,68.2119018142554,6.78995726792493,97.3581087919887,37.0058693128142,83.3131167711271,20.6749910744483,92,0.437409805945286
"Orissa","Cuttack",11036.6232260926,740.972795124834,68.2119018142554,6.78995726792493,97.3581087919887,37.0058693128142,86.0451783935246,20.5649397312362,205,0.252604774209505
"Orissa","Dhenkanal",10951.8339481155,578.382957148206,68.2119018142554,6.78995726792493,97.3581087919887,37.0058693128142,85.093685432033,20.9437693792458,143,0.411401375724497
"Orissa","Ganjam",12539.7603828135,618.037908489709,68.2119018142554,6.78995726792493,97.3581087919887,37.0058693128142,84.4734094055487,19.4686127037265,136,0.41254266856793
"Orissa","Kalahandi",12095.9895721231,713.222778284717,68.2119018142554,6.78995726792493,97.3581087919887,37.0058693128142,82.9127244157798,20.0452868605312,110,0.29881394286265
"Orissa","Keonjhar",7810.15663431153,489.612550006361,68.2119018142554,6.78995726792493,97.3581087919887,37.0058693128142,85.6360582006844,21.5559541024557,118,0.4094157306217
"Orissa","Koraput",26155.7551968497,1223.53064217832,68.2119018142554,6.78995726792493,97.3581087919887,37.0058693128142,82.6992616398793,18.9697095674206,167,0.219557070439032
"Orissa","Mayurbhanj",10208.7952845109,523.787222889033,68.2119018142554,6.78995726792493,97.3581087919887,37.0058693128142,86.3243230081223,21.9240177420157,79,0.467600060571243
"Orissa","Phulbani",11094.8589187926,536.144439269759,68.2119018142554,6.78995726792493,97.3581087919887,37.0058693128142,84.0333272157817,20.2510806726519,89,0.485029368859914
"Orissa","Puri",9608.73377081662,572.36067357527,68.2119018142554,6.78995726792493,97.3581087919887,37.0058693128142,85.3574251720751,20.1045724068986,122,0.368583977536438
"Orissa","Sambalpur",17311.3798097294,861.024817239781,68.2119018142554,6.78995726792493,97.3581087919887,37.0058693128142,83.9652136001837,21.4173260934385,161,0.293433849000022
"Orissa","Sundargarh",9015.4172199239,604.614327222348,68.2119018142554,6.78995726792493,97.3581087919887,37.0058693128142,84.4617009615191,22.0831837073774,96,0.30991230890736
"Patial and East Punjab States Union","Barnala",3444.78963520406,280.941896215237,68.2119018142554,6.78995726792493,97.3581087919887,37.0058693128142,75.6630140118673,30.3079372202934,43,0.548453170071959
"Patial and East Punjab States Union","Bhatinda",6917.17644272572,497.298367860569,68.2119018142554,6.78995726792493,97.3581087919887,37.0058693128142,75.0291215186236,30.0743648675754,57,0.351483263413492
"Patial and East Punjab States Union","Fatehgarh Sahib",1384.20616142822,156.83733706575,68.2119018142554,6.78995726792493,97.3581087919887,37.0058693128142,76.3051070802726,30.5306577226237,20,0.707150287749334
"Patial and East Punjab States Union","Kapurthala",1752.82066148311,257.979543863119,68.2119018142554,6.78995726792493,97.3581087919887,37.0058693128142,75.323237302258,31.2627059472799,55,0.330960989856372
"Patial and East Punjab States Union","Kohistan",1006.04347167472,159.644336045511,68.2119018142554,6.78995726792493,97.3581087919887,37.0058693128142,76.7714308795742,31.0710892091331,40,0.496043292240666
"Patial and East Punjab States Union","Mohindergarh",2772.01488768004,288.657761712681,68.2119018142554,6.78995726792493,97.3581087919887,37.0058693128142,76.1140017781976,28.176975279241,36,0.418060314545488
"Patial and East Punjab States Union","Patiala",2948.28762047048,340.764464603694,68.2119018142554,6.78995726792493,97.3581087919887,37.0058693128142,76.3750371036248,30.2094767124428,53,0.319059083743844
"Patial and East Punjab States Union","Sangrur",4530.86349529334,481.824225464583,68.2119018142554,6.78995726792493,97.3581087919887,37.0058693128142,76.102119250201,29.5868476728447,84,0.24525257629611
"Pondicherry","Pondicherry",298.949085012318,75.2416316470552,68.2119018142554,6.78995726792493,97.3581087919887,37.0058693128142,79.7551332034343,11.9791984994231,14,0.663576019317763
"Punjab","Ambala",6007.86022172165,507.497635582868,68.2119018142554,6.78995726792493,97.3581087919887,37.0058693128142,76.9460601257503,30.4054004128485,95,0.29313092430806
"Punjab","Amritsar",4761.6373064679,302.095030920474,68.2119018142554,6.78995726792493,97.3581087919887,37.0058693128142,74.7930455403951,31.4327437268502,66,0.655660488127101
"Punjab","Ferozepur",10287.7621048512,655.641754082991,68.2119018142554,6.78995726792493,97.3581087919887,37.0058693128142,74.5824754719202,30.4361370632782,93,0.300744414331799
"Punjab","Gurdaspur",3518.75796221522,319.292704612497,68.2119018142554,6.78995726792493,97.3581087919887,37.0058693128142,75.3117952811638,31.9258095238513,61,0.433731803087985
"Punjab","Gurgaon",6591.80960969365,454.34606771826,68.2119018142554,6.78995726792493,97.3581087919887,37.0058693128142,76.962315843742,28.1375038739608,58,0.401273954509308
"Punjab","Hissar",13806.7441745655,698.172735711225,68.2119018142554,6.78995726792493,97.3581087919887,37.0058693128142,75.449488059551,29.2233944343963,87,0.35593883240273
"Punjab","Hoshiarpur",6624.53530917604,373.520872014536,68.2119018142554,6.78995726792493,97.3581087919887,37.0058693128142,75.999813196646,31.441363679224,96,0.596671828855775
"Punjab","Jullundur",3754.444013027,358.366955804635,68.2119018142554,6.78995726792493,97.3581087919887,37.0058693128142,75.6218898000764,31.0828828196762,63,0.36736652600089
"Punjab","Kangra",26266.2147336366,1131.23367541882,68.2119018142554,6.78995726792493,97.3581087919887,37.0058693128142,77.1916326053187,32.1947693088131,249,0.257930502563738
"Punjab","Karnal",7165.60517131616,399.423787551625,68.2119018142554,6.78995726792493,97.3581087919887,37.0058693128142,76.6687905714363,29.715491018988,58,0.56441024393645
"Punjab","Ludhiana",3659.80097372742,283.598085487385,68.2119018142554,6.78995726792493,97.3581087919887,37.0058693128142,75.8027309832407,30.7009042678929,32,0.571821845719567
"Punjab","Rohtak",7191.41738202905,406.949195698064,68.2119018142554,6.78995726792493,97.3581087919887,37.0058693128142,76.6166501650621,28.8237402712859,65,0.545687455998323
"Punjab","Simla",822.501738825622,117.873619604411,68.2119018142554,6.78995726792493,97.3581087919887,37.0058693128142,77.0217076626697,30.8904096718197,25,0.743898099368558
"Rajasthan","Alwar",8144.89867003505,502.793222103915,68.2119018142554,6.78995726792493,97.3581087919887,37.0058693128142,76.5883954750935,27.5214882675551,87,0.404871046826392
"Rajasthan","Banswara",5490.93398679103,326.973792722191,68.2119018142554,6.78995726792493,97.3581087919887,37.0058693128142,74.3963254837698,23.4628995458785,51,0.645401836330809
"Rajasthan","Barmer",24880.1625736306,799.995649359177,68.2119018142554,6.78995726792493,97.3581087919887,37.0058693128142,71.5123002231802,25.7198245463199,142,0.48852616324921
"Rajasthan","Bharatpur",8300.71518035729,666.781409261232,68.2119018142554,6.78995726792493,97.3581087919887,37.0058693128142,77.4189625796518,26.9982268776995,109,0.234616424029616
"Rajasthan","Bhilwara",10024.5323318151,491.996877262075,68.2119018142554,6.78995726792493,97.3581087919887,37.0058693128142,74.6951498835998,25.4381243437459,115,0.520414384741191
"Rajasthan","Bikaner",26702.7920755765,817.04399861928,68.2119018142554,6.78995726792493,97.3581087919887,37.0058693128142,73.0478116266907,28.0813710265941,149,0.502661530703004
"Rajasthan","Bundi",5840.07520108153,358.005990477109,68.2119018142554,6.78995726792493,97.3581087919887,37.0058693128142,75.7639921078968,25.4412936949478,76,0.572595217120995
"Rajasthan","Chittorgarh",11242.439932683,813.828885912515,68.2119018142554,6.78995726792493,97.3581087919887,37.0058693128142,74.7533375060789,24.5874708155343,141,0.213306573186094
"Rajasthan","Churu",16539.4610639715,695.758688798657,68.2119018142554,6.78995726792493,97.3581087919887,37.0058693128142,74.5311536775096,28.2132989742527,134,0.429352445430578
"Rajasthan","Dungarpur",4003.57269355498,303.42419640717,68.2119018142554,6.78995726792493,97.3581087919887,37.0058693128142,73.8620020189854,23.7119323628697,55,0.546458469774659
"Rajasthan","Ganganagar",20212.4950504215,849.021410546827,68.2119018142554,6.78995726792493,97.3581087919887,37.0058693128142,73.9866767875264,29.2231860288507,143,0.352364790590983
"Rajasthan","Jaipur",14884.5354821152,817.976724943638,68.2119018142554,6.78995726792493,97.3581087919887,37.0058693128142,75.7839072833945,26.8397809003592,139,0.279552420678819
"Rajasthan","Jaisalmer",35935.0485660089,995.300273128611,68.2119018142554,6.78995726792493,97.3581087919887,37.0058693128142,70.89807775249,26.9617146048644,189,0.455847790034271
"Rajasthan","Jalore",11829.9835765947,682.897187306401,68.2119018142554,6.78995726792493,97.3581087919887,37.0058693128142,72.0658122300901,25.0208813841792,119,0.31877434187357
"Rajasthan","Jhalawar",5926.88620587368,492.115672472757,68.2119018142554,6.78995726792493,97.3581087919887,37.0058693128142,76.1777239416507,24.2518325438884,76,0.30754031897033
"Rajasthan","Jhunjhunu",6023.47974201823,351.722115581988,68.2119018142554,6.78995726792493,97.3581087919887,37.0058693128142,75.5162890434345,28.0275823957552,61,0.611868315487595
"Rajasthan","Jodhpur",22441.5140859219,727.160240031518,68.2119018142554,6.78995726792493,97.3581087919887,37.0058693128142,72.7521020800189,26.6632562895022,115,0.533337069078774
"Rajasthan","Kotah",14569.349298599,868.605666720099,68.2119018142554,6.78995726792493,97.3581087919887,37.0058693128142,76.5887308903964,24.8617190073885,129,0.242663637273616
"Rajasthan","Nagaur",17650.7761896095,656.252546680681,68.2119018142554,6.78995726792493,97.3581087919887,37.0058693128142,74.1474716571067,26.9960938440745,112,0.515028982091007
"Rajasthan","Pali",11919.4895559209,587.143774363757,68.2119018142554,6.78995726792493,97.3581087919887,37.0058693128142,73.4970330624888,25.6635661318832,95,0.43448881491372
"Rajasthan","Sikar",7783.49566645818,504.876296260807,68.2119018142554,6.78995726792493,97.3581087919887,37.0058693128142,75.2623293366557,27.5690721691485,101,0.383720135829084
"Rajasthan","Sirohi",4509.86510213415,344.1367841444,68.2119018142554,6.78995726792493,97.3581087919887,37.0058693128142,72.7683968921016,24.7567763596588,60,0.478532262963885
"Rajasthan","Swai Madhopur",10908.5721932496,525.689843099813,68.2119018142554,6.78995726792493,97.3581087919887,37.0058693128142,76.7015515021658,26.3502213206484,85,0.496042173827508
"Rajasthan","Tonk",6827.83615642509,413.353350721555,68.2119018142554,6.78995726792493,97.3581087919887,37.0058693128142,75.6884107787387,26.0832853901308,72,0.502169151389405
"Rajasthan","Udaipur",16787.9949010348,784.296802575022,68.2119018142554,6.78995726792493,97.3581087919887,37.0058693128142,73.7658214992782,24.5880167449747,148,0.342963421915603
"Rann of Kutch","Kutch",436.032754051967,117.50236224889,68.2119018142554,6.78995726792493,97.3581087919887,37.0058693128142,69.514569203205,23.5281234716093,21,0.396858587791324
"Rann of Kutch","Kutch",15479.1652596404,1122.3815925532,68.2119018142554,6.78995726792493,97.3581087919887,37.0058693128142,70.017955361816,24.0093598060535,273,0.154410322463963
"Saurashtra","Central Saurashtra",10641.726262227,708.253743892256,68.2119018142554,6.78995726792493,97.3581087919887,37.0058693128142,70.7812960862797,22.2587682920232,158,0.266590205564129
"Saurashtra","Gohilwad",10368.3167373076,525.843546345191,68.2119018142554,6.78995726792493,97.3581087919887,37.0058693128142,71.6640902328945,21.6399690417794,156,0.471199719672837
"Saurashtra","Halar",9482.61787161128,597.976687476446,68.2119018142554,6.78995726792493,97.3581087919887,37.0058693128142,69.9944939803622,22.2613408006594,166,0.333249577685656
"Saurashtra","Sorath",10858.3569188897,636.523534766387,68.2119018142554,6.78995726792493,97.3581087919887,37.0058693128142,70.4496706557538,21.3438814632645,166,0.336779032775177
"Saurashtra","Zalawad",9838.93825872726,572.996862216296,68.2119018142554,6.78995726792493,97.3581087919887,37.0058693128142,71.5460734467701,22.7694861112838,109,0.376576844384683
"Sikkim","Sikkim",6975.98396151786,344.954750189602,68.2119018142554,6.78995726792493,97.3581087919887,37.0058693128142,88.436086350865,27.5702928115635,68,0.73670069223117
"Travancore-Cochin","Kottayam",10040.2506369938,502.001677613836,68.2119018142554,6.78995726792493,97.3581087919887,37.0058693128142,76.7757468970768,9.93226741686303,104,0.500661367629115
"Travancore-Cochin","Quilon",7194.56220322377,484.026475123205,68.2119018142554,6.78995726792493,97.3581087919887,37.0058693128142,76.7741201890269,9.21056255613341,113,0.385901086594963
"Travancore-Cochin","Trichur",3437.63216559506,372.709824234358,68.2119018142554,6.78995726792493,97.3581087919887,37.0058693128142,76.3676398976134,10.5573884455783,60,0.310976511568326
"Travancore-Cochin","Trivandrum",5006.89069901156,324.587173019728,68.2119018142554,6.78995726792493,97.3581087919887,37.0058693128142,77.1342659667634,8.49757560937432,65,0.597193769251701
"Tripura","Tripura",10264.3394596906,561.663636995722,68.2119018142554,6.78995726792493,97.3581087919887,37.0058693128142,91.6005972259364,23.841827304247,184,0.408872832406276
"Unknown","Unknown",1087.14912075139,148.407368267512,68.2119018142554,6.78995726792493,97.3581087919887,37.0058693128142,93.8490459811207,7.04153608906438,20,0.620280396032422
"Unknown","Unknown",156.961895001698,54.2338094278773,68.2119018142554,6.78995726792493,97.3581087919887,37.0058693128142,93.752328346876,7.41016514437803,10,0.670600504633875
"Unknown","Unknown",460.038504937459,87.1444043079476,68.2119018142554,6.78995726792493,97.3581087919887,37.0058693128142,88.8427877082509,21.735569438212,19,0.761246022233405
"Unknown","Unknown",433.453782086919,94.4445829106376,68.2119018142554,6.78995726792493,97.3581087919887,37.0058693128142,88.6581977003918,21.6831654338816,23,0.610658708318986
"Unknown","Unknown",73.7956344796932,32.0673706904061,68.2119018142554,6.78995726792493,97.3581087919887,37.0058693128142,88.5295345630867,21.8292837100714,15,0.901807474960933
"Unknown","Unknown",342.925297435982,87.686375294129,68.2119018142554,6.78995726792493,97.3581087919887,37.0058693128142,88.4589693714547,21.618941752385,11,0.560460683528879
"Unknown","Unknown",131.849510170762,54.3979617343378,68.2119018142554,6.78995726792493,97.3581087919887,37.0058693128142,88.360212498459,21.6565032621252,10,0.559916325386448
"Unknown","Unknown",51.120712115396,29.9079459828752,68.2119018142554,6.78995726792493,97.3581087919887,37.0058693128142,87.9843587219685,21.8382312677613,11,0.718180458294243
"Unknown","Unknown",44.8766017702103,28.3652731274397,68.2119018142554,6.78995726792493,97.3581087919887,37.0058693128142,88.2732830864264,21.6726043689482,7,0.700899721837834
"Unknown","Unknown",202.674938967077,67.2435973315627,68.2119018142554,6.78995726792493,97.3581087919887,37.0058693128142,88.1760113743852,21.6048771265897,12,0.563258866981189
"Unknown","Unknown",265.654419813028,68.283228217929,68.2119018142554,6.78995726792493,97.3581087919887,37.0058693128142,88.0233736014935,21.6543748637155,23,0.715976585488486
"Unknown","Unknown",32.7169549229834,28.2648253975929,68.2119018142554,6.78995726792493,97.3581087919887,37.0058693128142,87.8072428036057,21.5345676043155,11,0.514624106107512
"Unknown","Unknown",15.7705352484877,15.7636306043684,68.2119018142554,6.78995726792493,97.3581087919887,37.0058693128142,88.2764913037361,21.5724917227865,7,0.797524069096416
"Unknown","Unknown",40.6153124404041,23.5867633140307,68.2119018142554,6.78995726792493,97.3581087919887,37.0058693128142,88.7646963396009,21.5274341412963,12,0.91740893247488
"Uttar Pradesh","Agra",4686.79474482012,415.471321006611,68.2119018142554,6.78995726792493,97.3581087919887,37.0058693128142,78.0840210023119,27.0090818382195,61,0.341195815796013
"Uttar Pradesh","Aligarh",5004.83972619043,331.673166440691,68.2119018142554,6.78995726792493,97.3581087919887,37.0058693128142,78.0876685775483,27.8241436868531,48,0.571714707151523
"Uttar Pradesh","Allahabad",7413.92911401454,400.21161321218,68.2119018142554,6.78995726792493,97.3581087919887,37.0058693128142,81.8123057089309,25.3484843459856,74,0.581673019693623
"Uttar Pradesh","Almora",14517.8130185689,699.331253298134,68.2119018142554,6.78995726792493,97.3581087919887,37.0058693128142,80.044168157167,29.8571645489635,149,0.373031226197092
"Uttar Pradesh","Azamgarh",6054.61330115137,396.464117093169,68.2119018142554,6.78995726792493,97.3581087919887,37.0058693128142,83.1993085079874,26.0755422362955,84,0.484048079612077
"Uttar Pradesh","Bahraich",6697.24005111908,440.792378123663,68.2119018142554,6.78995726792493,97.3581087919887,37.0058693128142,81.618427473736,27.7146820938438,70,0.433149260221838
"Uttar Pradesh","Ballia",2640.34803824512,251.088332996366,68.2119018142554,6.78995726792493,97.3581087919887,37.0058693128142,84.0582223782861,25.9133437268266,36,0.526281343360393
"Uttar Pradesh","Banares",4766.31432909859,415.51113911493,68.2119018142554,6.78995726792493,97.3581087919887,37.0058693128142,82.9851796294944,25.2873334898817,69,0.346918293940694
"Uttar Pradesh","Banda",8196.62323219647,519.396080911171,68.2119018142554,6.78995726792493,97.3581087919887,37.0058693128142,80.7558421691548,25.3402158761409,87,0.381810176853467
"Uttar Pradesh","Bara Banki",4221.36367262168,292.407568959349,68.2119018142554,6.78995726792493,97.3581087919887,37.0058693128142,81.3642463064486,26.9195708930371,62,0.620419461199167
"Uttar Pradesh","Bareilly",4162.70641928904,284.754859745689,68.2119018142554,6.78995726792493,97.3581087919887,37.0058693128142,79.4221063679415,28.4328525965053,67,0.645124235513032
"Uttar Pradesh","Basti",7609.54045978479,413.670329832483,68.2119018142554,6.78995726792493,97.3581087919887,37.0058693128142,82.7973429574159,27.0145322850083,78,0.558804055523229
"Uttar Pradesh","Bijnor",4927.56542401164,307.207158989853,68.2119018142554,6.78995726792493,97.3581087919887,37.0058693128142,78.3440807398664,29.3907279385392,67,0.656114444759521
"Uttar Pradesh","Budaun",5172.71745296304,340.392667362745,68.2119018142554,6.78995726792493,97.3581087919887,37.0058693128142,78.9025269573598,28.0836080522413,61,0.561006933391877
"Uttar Pradesh","Bulandshahr",3742.945320997,289.077867918747,68.2119018142554,6.78995726792493,97.3581087919887,37.0058693128142,77.8966822822382,28.2884704290655,46,0.562851283660317
"Uttar Pradesh","Dehra Dun",3086.2063850086,303.161624925764,68.2119018142554,6.78995726792493,97.3581087919887,37.0058693128142,77.9786620306434,30.4069784664867,66,0.421974665002894
"Uttar Pradesh","Deoria",5394.94747189489,382.897991186097,68.2119018142554,6.78995726792493,97.3581087919887,37.0058693128142,83.8851483306226,26.678045440548,67,0.46241393023476
"Uttar Pradesh","Etah",4176.92550207852,336.983266357818,68.2119018142554,6.78995726792493,97.3581087919887,37.0058693128142,78.7460627746988,27.599124093791,47,0.462221265566907
"Uttar Pradesh","Etawah",4544.03227503259,300.869186095721,68.2119018142554,6.78995726792493,97.3581087919887,37.0058693128142,79.2406500856387,26.7021020480057,61,0.630806048661561
"Uttar Pradesh","Faizabad",4376.67013435064,396.025567425354,68.2119018142554,6.78995726792493,97.3581087919887,37.0058693128142,82.3687070715524,26.5423422722964,80,0.350676957309994
"Uttar Pradesh","Farrukhabad",4419.68190049718,327.01919855147,68.2119018142554,6.78995726792493,97.3581087919887,37.0058693128142,79.5641844456687,27.2124239366051,67,0.519343113394762
"Uttar Pradesh","Fatehpur",4108.10890237908,315.024787847071,68.2119018142554,6.78995726792493,97.3581087919887,37.0058693128142,80.7749232041362,25.876870527689,69,0.520190427808847
"Uttar Pradesh","Garhwal",14292.762353305,648.838877799476,68.2119018142554,6.78995726792493,97.3581087919887,37.0058693128142,79.2293545690232,30.2384492602505,153,0.42663090045375
"Uttar Pradesh","Ghazipur",3462.71402246994,253.828863086363,68.2119018142554,6.78995726792493,97.3581087919887,37.0058693128142,83.5443294586684,25.644502006637,35,0.675374222507847
"Uttar Pradesh","Gonda",7103.64105809018,440.698473120478,68.2119018142554,6.78995726792493,97.3581087919887,37.0058693128142,82.1708491474231,27.2844408558477,79,0.459629379624929
"Uttar Pradesh","Gorakhpur",6270.67390515832,391.123474947896,68.2119018142554,6.78995726792493,97.3581087919887,37.0058693128142,83.4279613066181,26.9420456726516,76,0.515105651934733
"Uttar Pradesh","Hamirpur",7034.50123930671,391.186156248869,68.2119018142554,6.78995726792493,97.3581087919887,37.0058693128142,79.8021494299358,25.5639264263289,73,0.577665219989824
"Uttar Pradesh","Hardoi",5843.43089222336,340.181898845226,68.2119018142554,6.78995726792493,97.3581087919887,37.0058693128142,80.1608375667289,27.3242191956086,85,0.634534696269199
"Uttar Pradesh","Jalaun",4499.41315258609,285.436808292575,68.2119018142554,6.78995726792493,97.3581087919887,37.0058693128142,79.3828508344194,26.0771092037229,47,0.693978130270557
"Uttar Pradesh","Jaunpur",4038.60505139492,313.832810591362,68.2119018142554,6.78995726792493,97.3581087919887,37.0058693128142,82.5726892979622,25.7616060610086,62,0.515281506276402
"Uttar Pradesh","Jhansi",10338.4815863657,729.205295232148,68.2119018142554,6.78995726792493,97.3581087919887,37.0058693128142,78.7550842552395,25.058769830158,112,0.244324486804188
"Uttar Pradesh","Kanpur",6361.20654717594,359.201211510915,68.2119018142554,6.78995726792493,97.3581087919887,37.0058693128142,80.0234673476257,26.4128304235845,76,0.619546311492174
"Uttar Pradesh","Kheri",8060.22296254025,453.431211678889,68.2119018142554,6.78995726792493,97.3581087919887,37.0058693128142,80.6542850146318,28.1201555717788,82,0.492645020024578
"Uttar Pradesh","Lucknow",2611.13221205415,212.994708525749,68.2119018142554,6.78995726792493,97.3581087919887,37.0058693128142,80.9025280483974,26.8507016346026,43,0.723271076154427
"Uttar Pradesh","Mainpuri",4756.81438064588,309.269950069569,68.2119018142554,6.78995726792493,97.3581087919887,37.0058693128142,78.8293247773143,27.1722638872212,61,0.624957695788133
"Uttar Pradesh","Mathura",3719.85964340528,277.569136613075,68.2119018142554,6.78995726792493,97.3581087919887,37.0058693128142,77.6614635481399,27.5358748212542,40,0.606728042979174
"Uttar Pradesh","Meerut",6709.72799458455,351.888064783177,68.2119018142554,6.78995726792493,97.3581087919887,37.0058693128142,77.6366903326054,28.852684857692,59,0.680935074596724
"Uttar Pradesh","Mirzapur",11916.6979302758,574.046336312909,68.2119018142554,6.78995726792493,97.3581087919887,37.0058693128142,82.8525042920851,24.6397115855724,94,0.454435128669905
"Uttar Pradesh","Moradabad",6314.33349285,343.398175834866,68.2119018142554,6.78995726792493,97.3581087919887,37.0058693128142,78.5559926493149,28.7458314756237,67,0.672885875118053
"Uttar Pradesh","Muzaffarnagar",4507.12378415733,296.992313691271,68.2119018142554,6.78995726792493,97.3581087919887,37.0058693128142,77.5403203377046,29.4110494971591,51,0.642124041349189
"Uttar Pradesh","Naini Tal",6627.03329601332,415.499979414484,68.2119018142554,6.78995726792493,97.3581087919887,37.0058693128142,79.4622778630985,29.1815886910649,116,0.482377456724153
"Uttar Pradesh","Pilibhit",3379.30904298157,291.969211163698,68.2119018142554,6.78995726792493,97.3581087919887,37.0058693128142,79.9610606091394,28.5136175719109,85,0.498154045447278
"Uttar Pradesh","Pratapgarh",3816.90117208862,297.398958125924,68.2119018142554,6.78995726792493,97.3581087919887,37.0058693128142,81.8056726204278,25.8793229554297,63,0.542302858747727
"Uttar Pradesh","Rae Bareli",4735.06140419513,322.333722555477,68.2119018142554,6.78995726792493,97.3581087919887,37.0058693128142,81.2212475189358,26.2281125316046,73,0.572695791610272
"Uttar Pradesh","Rampur",2457.55918319618,224.618725862431,68.2119018142554,6.78995726792493,97.3581087919887,37.0058693128142,79.1092587280579,28.7884650160425,45,0.612099367272355
"Uttar Pradesh","Saharanpur",5090.35141281403,305.190116214205,68.2119018142554,6.78995726792493,97.3581087919887,37.0058693128142,77.677556363498,29.9001912930272,59,0.686778514074046
"Uttar Pradesh","Shahjahanpur",4440.58498195893,380.310656931647,68.2119018142554,6.78995726792493,97.3581087919887,37.0058693128142,79.8128827772377,27.9459275474248,81,0.385809626204212
"Uttar Pradesh","Sitapur",5948.86433265658,322.592684744822,68.2119018142554,6.78995726792493,97.3581087919887,37.0058693128142,80.8720845705631,27.5184174983209,63,0.718348019762177
"Uttar Pradesh","Sultanpur",4472.05900484293,332.950826031694,68.2119018142554,6.78995726792493,97.3581087919887,37.0058693128142,82.0132140012185,26.2919630715276,69,0.50694074144498
"Uttar Pradesh","Tehri Garhwal",12349.3550507808,563.912012428244,68.2119018142554,6.78995726792493,97.3581087919887,37.0058693128142,78.5960873329223,30.7382917933626,115,0.488013065004636
"Uttar Pradesh","Unnao",4423.03744260478,323.854860592234,68.2119018142554,6.78995726792493,97.3581087919887,37.0058693128142,80.5559023178456,26.6111600478347,82,0.529943586667146
"Vindhya Pradesh","Chhatarpur",7906.73488486287,478.867988709126,68.2119018142554,6.78995726792493,97.3581087919887,37.0058693128142,79.6983690093483,24.7597626662427,72,0.433286769846153
"Vindhya Pradesh","Datia",1988.76512075224,228.589079753591,68.2119018142554,6.78995726792493,97.3581087919887,37.0058693128142,78.5453020147307,25.8257402128269,32,0.478280197740665
"Vindhya Pradesh","Panna",6736.83148610376,408.073481474859,68.2119018142554,6.78995726792493,97.3581087919887,37.0058693128142,80.1771631737938,24.3847280063643,60,0.508380403797169
"Vindhya Pradesh","Rewa",6922.89570528965,333.893971893085,68.2119018142554,6.78995726792493,97.3581087919887,37.0058693128142,81.6121824831616,24.7121494208785,40,0.780333939200102
"Vindhya Pradesh","Satna",7387.12646667248,442.19056691101,68.2119018142554,6.78995726792493,97.3581087919887,37.0058693128142,80.8089717390325,24.5113732158385,59,0.474751614993954
"Vindhya Pradesh","Shahdol",13981.9333757798,615.754138108399,68.2119018142554,6.78995726792493,97.3581087919887,37.0058693128142,81.3537719857137,23.4398944275848,100,0.463406812579909
"Vindhya Pradesh","Sidhi",10106.0562905122,457.939482612805,68.2119018142554,6.78995726792493,97.3581087919887,37.0058693128142,82.1458886052539,24.1781496738016,61,0.605585403382502
"Vindhya Pradesh","Tikamgarh",5898.6268043083,438.035769925605,68.2119018142554,6.78995726792493,97.3581087919887,37.0058693128142,78.976103854735,24.9192595409533,64,0.386315053235233
"West Bengal","24 - Parganas",10399.3062705073,609.599973473581,68.2119018142554,6.78995726792493,97.3581087919887,37.0058693128142,88.4831199625838,22.5816464392431,186,0.351661119217679
"West Bengal","Bankura",7344.8308484141,383.665820663495,68.2119018142554,6.78995726792493,97.3581087919887,37.0058693128142,87.0583484859273,23.1964176992701,49,0.627025841814487
"West Bengal","Birbhum",4492.67435410013,360.484499968312,68.2119018142554,6.78995726792493,97.3581087919887,37.0058693128142,87.5856181467173,24.0027372477335,57,0.43445181203501
"West Bengal","Burdwan",6168.35816340487,448.486462939487,68.2119018142554,6.78995726792493,97.3581087919887,37.0058693128142,87.7094263975462,23.4537062137903,66,0.38537254329839
"West Bengal","Calcutta",257.201756794989,67.4596056823473,68.2119018142554,6.78995726792493,97.3581087919887,37.0058693128142,88.267520550086,22.542285620021,25,0.710225396798448
"West Bengal","Cooch Behar",2914.70153939201,384.306260200113,68.2119018142554,6.78995726792493,97.3581087919887,37.0058693128142,89.2088493365822,26.3259329324043,123,0.247998489892461
"West Bengal","Darjeeling",3688.06942618856,350.149272778661,68.2119018142554,6.78995726792493,97.3581087919887,37.0058693128142,88.39707209,26.9402270065704,70,0.378009308474668
"West Bengal","Hooghly",3022.22626057658,318.525999155023,68.2119018142554,6.78995726792493,97.3581087919887,37.0058693128142,87.9541546875329,22.9300715368587,50,0.374323476400528
"West Bengal","Howrah",1656.1457242076,198.613773736704,68.2119018142554,6.78995726792493,97.3581087919887,37.0058693128142,87.9770845652074,22.5541142816569,40,0.527581654165486
"West Bengal","Jalpaiguri",6418.63744777343,407.243571931229,68.2119018142554,6.78995726792493,97.3581087919887,37.0058693128142,89.0948645663241,26.6868630581134,86,0.486344751680105
"West Bengal","Malda",3336.57117304907,252.676827025535,68.2119018142554,6.78995726792493,97.3581087919887,37.0058693128142,88.0049780280717,25.1873342945451,51,0.656718768218675
"West Bengal","Midnapur",13873.5189765743,582.151481872228,68.2119018142554,6.78995726792493,97.3581087919887,37.0058693128142,87.3192864986885,22.314178439371,138,0.514427861443753
"West Bengal","Murshidabad",5588.75742595206,351.443026626677,68.2119018142554,6.78995726792493,97.3581087919887,37.0058693128142,88.1491562337374,24.1851986759071,66,0.568611007980016
"West Bengal","Nadia",1443.87168353849,158.623782014226,68.2119018142554,6.78995726792493,97.3581087919887,37.0058693128142,88.3031390541205,23.6755652581889,30,0.721110571765542
"West Bengal","West Dinajpur",3311.00332690292,276.707621005103,68.2119018142554,6.78995726792493,97.3581087919887,37.0058693128142,88.3363176206102,25.4926904246738,70,0.543409516927596
"Yanam","Yanam",94.2647510353805,37.6008051411516,68.2119018142554,6.78995726792493,97.3581087919887,37.0058693128142,82.2168428286188,16.7223368879198,7,0.837847348925718
